{"Date":{"0":1514764800000,"1":1517443200000,"2":1519862400000,"3":1522540800000,"4":1525132800000,"5":1527811200000,"6":1530403200000,"7":1533081600000,"8":1535760000000,"9":1538352000000,"10":1541030400000,"11":1543622400000,"12":1546300800000,"13":1548979200000,"14":1551398400000,"15":1554076800000,"16":1556668800000,"17":1559347200000,"18":1561939200000,"19":1564617600000,"20":1567296000000,"21":1569888000000,"22":1572566400000,"23":1575158400000,"24":1577836800000,"25":1580515200000,"26":1583020800000,"27":1585699200000,"28":1588291200000,"29":1590969600000,"30":1593561600000,"31":1596240000000,"32":1598918400000,"33":1601510400000,"34":1604188800000,"35":1606780800000},"Months":{"0":"Jan","1":"Feb","2":"Mar","3":"Apr","4":"May","5":"Jun","6":"Jul","7":"Aug","8":"Sep","9":"Oct","10":"Nov","11":"Dec","12":"Jan","13":"Feb","14":"Mar","15":"Apr","16":"May","17":"Jun","18":"Jul","19":"Aug","20":"Sep","21":"Oct","22":"Nov","23":"Dec","24":"Jan","25":"Feb","26":"Mar","27":"Apr","28":"May","29":"Jun","30":"Jul","31":"Aug","32":"Sep","33":"Oct","34":"Nov","35":"Dec"},"Revenue":{"0":8304345.0,"1":7856000.0,"2":7933500.0,"3":9409500.0,"4":8856000.0,"5":9594000.0,"6":6409500.0,"7":7564500.0,"8":9594000.0,"9":7564480.0,"10":8856000.0,"11":10533125.0,"12":9103145.9848484807,"13":9189848.5722610708,"14":9076551.1596736591,"15":9563253.7470862493,"16":9449956.3344988395,"17":9636658.9219114296,"18":9623361.5093239993,"19":9710064.0967366006,"20":9796766.6841491908,"21":9883469.2715617791,"22":9970171.8589743506,"23":10956874.4463868998,"24":10143577.0337994993,"25":10030279.6212121006,"26":10316982.2086247001,"27":10903684.7960372996,"28":10490387.3834499009,"29":10577089.9708625004,"30":10663792.5582750998,"31":10050495.1456876006,"32":10837197.7331002001,"33":10573900.3205127995,"34":11010602.9079254009,"35":11097305.4953380004},"Target Revenue":{"0":8492400,"1":8492400,"2":8492400,"3":8492400,"4":8492400,"5":8492400,"6":9000000,"7":9000000,"8":9000000,"9":9000000,"10":9000000,"11":9000000,"12":9500000,"13":9500000,"14":9500000,"15":9500000,"16":9500000,"17":9500000,"18":9600000,"19":9600000,"20":9600000,"21":10000000,"22":10000000,"23":10000000,"24":10000000,"25":10000000,"26":10000000,"27":10500000,"28":10500000,"29":10500000,"30":10500000,"31":10500000,"32":10500000,"33":11000000,"34":11000000,"35":11000000},"Leads":{"0":8304.345,"1":7856.0,"2":7933.5,"3":9409.5,"4":8856.0,"5":9594.0,"6":6409.5,"7":7564.5,"8":9594.0,"9":7564.48,"10":8856.0,"11":10533.125,"12":9103.1459848485,"13":9189.8485722611,"14":9076.5511596737,"15":9563.2537470862,"16":9449.9563344988,"17":9636.6589219114,"18":9623.361509324,"19":9710.0640967366,"20":9796.7666841492,"21":9883.4692715618,"22":9970.1718589744,"23":10956.8744463869,"24":10143.5770337995,"25":10030.2796212121,"26":10316.9822086247,"27":10903.6847960373,"28":10490.3873834499,"29":10577.0899708625,"30":10663.7925582751,"31":10050.4951456876,"32":10837.1977331002,"33":10573.9003205128,"34":11010.6029079254,"35":11097.305495338},"Marketing Campaigns":{"0":"Massive discounts and Hampers","1":"Arranging Giveaways,Investing on Google ads","2":"Designing optimized and attractive landing pages ,clickbaits","3":"Designing engagement campaigns on social media platforms","4":"Using influencer marketing techniques","5":"Beacon marketing and clickbaits designing","6":"Designing interactive catalogues,Enticing videos","7":"Collection based merchandising","8":"Placment of bestsellers on top","9":"Podcast advertising","10":"Web app interface uplifting","11":"Occasion based product mix,Massive discounts","12":"Massive discounts and Hampers","13":"Arranging Giveaways,Investing on Google ads","14":"Designing optimized and attractive landing pages ,clickbaits","15":"Designing engagement campaigns on social media platforms","16":"Using influencer marketing techniques","17":"Beacon marketing and clickbaits designing","18":"Designing interactive catalogues,Enticing videos","19":"Collection based merchandising","20":"Placment of bestsellers on top","21":"Podcast advertising","22":"Web app interface uplifting","23":"Occasion based product mix,Massive discounts","24":"Massive discounts and Hampers","25":"Arranging Giveaways,Investing on Google ads","26":"Designing optimized and attractive landing pages ,clickbaits","27":"Designing engagement campaigns on social media platforms","28":"Using influencer marketing techniques","29":"Beacon marketing and clickbaits designing","30":"Designing interactive catalogues,Enticing videos","31":"Collection based merchandising","32":"Placment of bestsellers on top","33":"Podcast advertising","34":"Web app interface uplifting","35":"Occasion based product mix,Massive discounts"},"Marketing Cost":{"0":2200000.0,"1":2015840.0,"2":2008800.0,"3":2003520.0,"4":1173600.0,"5":2185920.0,"6":3157760.0,"7":2177120.0,"8":2221120.0,"9":3113760.0,"10":2175360.0,"11":2154240.0,"12":2254240.0,"13":2527801.2121212101,"14":2575834.2191142198,"15":2623867.2261072299,"16":2671900.2331002299,"17":2719933.24009324,"18":2767966.2470862502,"19":2815999.2540792502,"20":2864032.2610722599,"21":2912065.26806527,"22":2960098.2750582802,"23":3008131.2820512801,"24":3056164.2890442898,"25":3132264.27,"26":3104197.2960373,"27":3152230.3030303,"28":3200263.3100233101,"29":3248296.3170163198,"30":3296329.32400933,"31":3344362.3310023299,"32":3392395.3379953401,"33":3440428.3449883498,"34":3488461.3519813502,"35":3536494.3589743599},"Gross Profit":{"0":6104345.0,"1":5840160.0,"2":5924700.0,"3":7405980.0,"4":7682400.0,"5":7408080.0,"6":3251740.0,"7":5387380.0,"8":7372880.0,"9":4450720.0,"10":6680640.0,"11":8378885.0,"12":6848905.9848484797,"13":6662047.3601398598,"14":6500716.9405594403,"15":6939386.5209790198,"16":6778056.1013986096,"17":6916725.68181819,"18":6855395.26223775,"19":6894064.84265735,"20":6932734.4230769305,"21":6971404.00349651,"22":7010073.5839160699,"23":7948743.1643356197,"24":7087412.7447552104,"25":6898015.3512121001,"26":7212784.9125873996,"27":7751454.4930069996,"28":7290124.0734265903,"29":7328793.6538461801,"30":7367463.2342657698,"31":6706132.8146852702,"32":7444802.39510486,"33":7133471.9755244497,"34":7522141.5559440497,"35":7560811.1363636404},"Gross Margin":{"0":0.7350784439,"1":0.743401222,"2":0.7467952354,"3":0.7870747649,"4":0.8674796748,"5":0.7721575985,"6":0.5073313051,"7":0.712192478,"8":0.7684886387,"9":0.5883709125,"10":0.7543631436,"11":0.7954794992,"12":0.7523669286,"13":0.7249354881,"14":0.7162100258,"15":0.7256302828,"16":0.7172579281,"17":0.7177514259,"18":0.7123701272,"19":0.7099916925,"20":0.7076553568,"21":0.705360012,"22":0.7031045887,"23":0.7254571733,"24":0.698709412,"25":0.6877191476,"26":0.6991177039,"27":0.7109022902,"28":0.6949337338,"29":0.6928931941,"30":0.6908858358,"31":0.6672440231,"32":0.686967478,"33":0.6746301515,"34":0.68317254,"35":0.6813195455},"Conversion Rate":{"0":0.07,"1":0.04,"2":0.08,"3":0.05,"4":0.01,"5":0.08,"6":0.04,"7":0.03,"8":0.08,"9":0.06,"10":0.07,"11":0.09,"12":0.08,"13":0.08,"14":0.01,"15":0.08,"16":0.01,"17":0.09,"18":0.02,"19":0.08,"20":0.02,"21":0.01,"22":0.03,"23":0.08,"24":0.04,"25":0.085,"26":0.1,"27":0.06,"28":0.1,"29":0.01,"30":0.01,"31":0.08,"32":0.03,"33":0.1,"34":0.08,"35":0.09},"Churn Rate":{"0":0.07,"1":0.07,"2":0.02,"3":0.03,"4":0.05,"5":0.025,"6":0.04,"7":0.01,"8":0.07,"9":0.02,"10":0.01,"11":0.02,"12":0.03,"13":0.04,"14":0.03,"15":0.07,"16":0.02,"17":0.02,"18":0.07,"19":0.03,"20":0.03,"21":0.05,"22":0.02,"23":0.02,"24":0.01,"25":0.03,"26":0.01,"27":0.02,"28":0.07,"29":0.03,"30":0.03,"31":0.01,"32":0.01,"33":0.02,"34":0.02,"35":0.01},"CAC":{"0":264.9215561251,"1":256.5987780041,"2":253.2047646058,"3":212.9252351347,"4":132.5203252033,"5":227.8424015009,"6":492.668694906,"7":287.8075219777,"8":231.5113612675,"9":411.6290875249,"10":245.6368563686,"11":204.520500801,"12":247.6330714406,"13":275.0645119171,"14":283.7899741653,"15":274.3697172008,"16":282.7420718703,"17":282.2485741307,"18":287.6298728261,"19":290.0083074658,"20":292.3446432287,